-- phpMyAdmin SQL Dump
-- version 4.8.1
-- https://www.phpmyadmin.net/
--
-- Host: localhost
-- Generation Time: 2018-07-16 03:59:12
-- 服务器版本： 5.7.19-0ubuntu0.16.04.1
-- PHP Version: 7.1.7-1+ubuntu16.04.1+deb.sury.org+1

SET SQL_MODE = "NO_AUTO_VALUE_ON_ZERO";
SET AUTOCOMMIT = 0;
START TRANSACTION;
SET time_zone = "+00:00";


/*!40101 SET @OLD_CHARACTER_SET_CLIENT=@@CHARACTER_SET_CLIENT */;
/*!40101 SET @OLD_CHARACTER_SET_RESULTS=@@CHARACTER_SET_RESULTS */;
/*!40101 SET @OLD_COLLATION_CONNECTION=@@COLLATION_CONNECTION */;
/*!40101 SET NAMES utf8mb4 */;

--
-- Database: `okr`
--

-- --------------------------------------------------------

--
-- 表的结构 `admin`
--

CREATE TABLE `admin` (
  `id` int(10) UNSIGNED NOT NULL,
  `created_at` timestamp NULL DEFAULT NULL,
  `updated_at` timestamp NULL DEFAULT NULL,
  `name` varchar(255) COLLATE utf8mb4_unicode_ci NOT NULL COMMENT '名称',
  `password` varchar(255) COLLATE utf8mb4_unicode_ci NOT NULL COMMENT '密码'
) ENGINE=InnoDB DEFAULT CHARSET=utf8mb4 COLLATE=utf8mb4_unicode_ci;

--
-- 转存表中的数据 `admin`
--

INSERT INTO `admin` (`id`, `created_at`, `updated_at`, `name`, `password`) VALUES
(1, NULL, NULL, '13000000000', 'c4ca4238a0b923820dcc509a6f75849b');

-- --------------------------------------------------------

--
-- 表的结构 `comment`
--

CREATE TABLE `comment` (
  `id` int(10) UNSIGNED NOT NULL,
  `okr_id` int(11) NOT NULL COMMENT 'okr_id',
  `user_id` int(11) NOT NULL COMMENT 'user_id',
  `comment` text COLLATE utf8mb4_unicode_ci NOT NULL COMMENT '评论',
  `created_at` timestamp NULL DEFAULT NULL,
  `updated_at` timestamp NULL DEFAULT NULL
) ENGINE=InnoDB DEFAULT CHARSET=utf8mb4 COLLATE=utf8mb4_unicode_ci;

--
-- 转存表中的数据 `comment`
--

INSERT INTO `comment` (`id`, `okr_id`, `user_id`, `comment`, `created_at`, `updated_at`) VALUES
(1, 29, 2, '1111', '2018-06-20 04:52:15', '2018-06-20 04:52:15'),
(2, 29, 2, '~!@#$%^&*()_+|}{PL:\"?><Mmmmm', '2018-06-20 04:53:01', '2018-06-20 04:53:01'),
(3, 29, 2, 'aaaa', '2018-06-20 06:54:20', '2018-06-20 06:54:20'),
(4, 29, 2, '22222', '2018-06-20 07:47:15', '2018-06-20 07:47:15'),
(5, 29, 2, '345345345', '2018-06-20 07:56:15', '2018-06-20 07:56:15'),
(6, 29, 2, '34534534534543', '2018-06-20 07:56:25', '2018-06-20 07:56:25'),
(7, 29, 2, '3453445345', '2018-06-20 07:56:33', '2018-06-20 07:56:33'),
(8, 29, 2, '3453534534535', '2018-06-20 07:56:42', '2018-06-20 07:56:42'),
(9, 29, 2, '345345345345435', '2018-06-20 07:56:51', '2018-06-20 07:56:51'),
(10, 29, 2, '333333333333333333333333', '2018-06-20 07:57:04', '2018-06-20 07:57:04'),
(11, 1, 2, '99999999999', '2018-06-20 07:58:14', '2018-06-20 07:58:14'),
(12, 10000008, 2, 'asdfasfd as', '2018-06-20 09:41:48', '2018-06-20 09:41:48'),
(13, 10000008, 2, '4444444444', '2018-06-20 09:42:12', '2018-06-20 09:42:12'),
(14, 25, 2, '32423423423423432', '2018-06-20 09:48:50', '2018-06-20 09:48:50'),
(15, 30, 5, '啊啊啊啊', '2018-06-20 09:52:20', '2018-06-20 09:52:20'),
(16, 17, 2, '45345345345', '2018-06-21 13:49:53', '2018-06-21 13:49:53'),
(17, 10000020, 2, 'SFSDFS', '2018-06-21 13:56:38', '2018-06-21 13:56:38'),
(18, 100000004, 2, 'WERWERWERWER', '2018-06-21 13:57:51', '2018-06-21 13:57:51'),
(19, 10000011, 2, '3345435', '2018-06-21 14:02:22', '2018-06-21 14:02:22'),
(20, 30, 2, '34534534', '2018-06-21 14:10:49', '2018-06-21 14:10:49'),
(21, 23, 2, '4234234', '2018-06-21 14:17:25', '2018-06-21 14:17:25'),
(22, 100000002, 2, 'DFSFS', '2018-06-21 14:17:55', '2018-06-21 14:17:55'),
(23, 32, 2, '对方上的', '2018-06-21 15:27:03', '2018-06-21 15:27:03'),
(24, 33, 5, '大事发生大幅', '2018-06-22 02:21:22', '2018-06-22 02:21:22'),
(25, 34, 5, '斯蒂芬速度', '2018-06-22 02:23:07', '2018-06-22 02:23:07'),
(26, 34, 2, 'ddddddddddd\'\'\'\'\'\'', '2018-06-22 16:04:21', '2018-06-22 16:04:21'),
(27, 100000014, 2, '3434534', '2018-06-23 06:45:50', '2018-06-23 06:45:50');

-- --------------------------------------------------------

--
-- 表的结构 `department`
--

CREATE TABLE `department` (
  `id` int(10) UNSIGNED NOT NULL,
  `name` varchar(255) COLLATE utf8mb4_unicode_ci NOT NULL COMMENT '名称',
  `pid` int(11) NOT NULL DEFAULT '0' COMMENT '父部门id',
  `status` tinyint(4) NOT NULL DEFAULT '0' COMMENT '状态，启用 0、停用 1',
  `created_at` timestamp NULL DEFAULT NULL,
  `updated_at` timestamp NULL DEFAULT NULL
) ENGINE=InnoDB DEFAULT CHARSET=utf8mb4 COLLATE=utf8mb4_unicode_ci;

--
-- 转存表中的数据 `department`
--

INSERT INTO `department` (`id`, `name`, `pid`, `status`, `created_at`, `updated_at`) VALUES
(8, '总裁办', 12, 0, '2018-05-30 14:03:28', '2018-06-23 07:44:34'),
(9, '教研部', 8, 1, '2018-05-30 14:06:51', '2018-06-11 03:36:55'),
(10, '高中部', 16, 1, '2018-05-30 14:07:07', '2018-06-04 04:12:42'),
(11, '初中部', 9, 2, '2018-05-30 14:09:56', '2018-05-30 14:09:56'),
(12, '小学部', 9, 0, '2018-05-30 14:10:05', '2018-05-30 14:10:05'),
(13, '财务部', 8, 0, '2018-05-30 14:10:43', '2018-05-30 14:10:43'),
(14, '123', 0, 0, '2018-05-30 14:10:43', '2018-05-30 14:10:43'),
(15, '热热热', 0, 0, '2018-05-30 14:11:33', '2018-05-30 14:11:33'),
(16, '热热热1', 0, 0, '2018-05-30 14:11:33', '2018-05-30 14:11:33'),
(17, '5555', 0, 0, '2018-05-30 14:13:09', '2018-05-30 14:13:09'),
(19, '234234', 0, 0, '2018-05-30 14:14:53', '2018-05-30 14:14:53'),
(21, '阿达撒的', 0, 0, '2018-05-30 14:20:44', '2018-05-30 14:20:44'),
(29, '高中1部', 10, 0, '2018-06-01 02:22:00', '2018-06-01 02:22:00'),
(31, '高中3部', 10, 1, '2018-06-01 03:21:50', '2018-06-01 03:21:50'),
(32, '高中2部', 0, 0, '2018-06-01 03:23:34', '2018-06-01 03:23:34'),
(33, '凤飞飞', 8, 0, '2018-06-01 09:01:40', '2018-06-02 03:20:49'),
(36, '6666667', 0, 0, '2018-06-02 03:04:18', '2018-06-02 03:05:51'),
(37, '45645645645', 29, 1, '2018-06-02 03:10:33', '2018-06-02 03:41:01'),
(38, '总裁办3', 12, 0, '2018-06-02 03:11:03', '2018-06-02 03:12:25'),
(39, '444', 0, 0, '2018-06-02 03:38:32', '2018-06-02 03:38:32'),
(40, '0611部门1', 8, 0, NULL, '2018-06-11 04:27:58'),
(41, '0611部门11', 40, 0, '2018-06-11 03:44:05', '2018-06-11 03:44:05'),
(43, 'fdfd', 12, 1, '2018-06-13 02:37:44', '2018-06-13 02:37:54');

-- --------------------------------------------------------

--
-- 表的结构 `keyresult`
--

CREATE TABLE `keyresult` (
  `id` int(10) UNSIGNED NOT NULL,
  `name` varchar(255) COLLATE utf8mb4_unicode_ci NOT NULL COMMENT '名称',
  `startdate` date NOT NULL COMMENT '开始时间',
  `enddate` date NOT NULL COMMENT '结束时间',
  `executor_id` int(11) NOT NULL DEFAULT '0' COMMENT '执行人',
  `description` text COLLATE utf8mb4_unicode_ci COMMENT '描述',
  `score` double(8,1) NOT NULL DEFAULT '999.0' COMMENT '得分',
  `scoretime` datetime DEFAULT NULL COMMENT '评分时间',
  `status` tinyint(4) NOT NULL DEFAULT '0' COMMENT '状态，正常 0、删除 1 ',
  `pid` int(11) NOT NULL DEFAULT '0' COMMENT '上级id',
  `created_at` timestamp NULL DEFAULT NULL,
  `updated_at` timestamp NULL DEFAULT NULL
) ENGINE=InnoDB DEFAULT CHARSET=utf8mb4 COLLATE=utf8mb4_unicode_ci;

--
-- 转存表中的数据 `keyresult`
--

INSERT INTO `keyresult` (`id`, `name`, `startdate`, `enddate`, `executor_id`, `description`, `score`, `scoretime`, `status`, `pid`, `created_at`, `updated_at`) VALUES
(10000000, 'o1-kr1：是是发是法师地方是', '2018-06-05', '2018-06-09', 2, 'o1-kr1o1-kr1o1-kr1o1-kr1o1-kr1o1-kr1o1-kr1', 0.9, '2018-06-08 00:00:00', 0, 1, NULL, NULL),
(10000001, 'o1-kr2：撒的法师地方地方', '2018-06-08', '2018-06-15', 2, '反反复复反反复复反反复复反反复复反反复复', 999.0, NULL, 0, 1, NULL, NULL),
(10000002, 'o2-kr1：如同人体', '2018-06-06', '2018-06-07', 2, '骨骼广告歌', 999.0, NULL, 0, 2, NULL, NULL),
(10000003, '234234', '2018-06-05', '2018-06-13', 2, '234234', 999.0, NULL, 0, 0, '2018-06-10 02:56:43', '2018-06-10 02:56:43'),
(10000004, '再来一个', '2018-06-28', '2018-06-30', 2, NULL, 999.0, NULL, 0, 0, '2018-06-10 03:02:15', '2018-06-10 03:02:15'),
(10000005, '放大幅度', '2018-06-05', '2018-06-12', 2, NULL, 999.0, NULL, 0, 0, '2018-06-10 03:21:03', '2018-06-10 03:21:03'),
(10000006, '的法师地方', '2018-06-07', '2018-06-21', 2, NULL, 999.0, NULL, 0, 0, '2018-06-10 06:55:33', '2018-06-10 06:55:33'),
(10000007, '222', '2018-06-06', '2018-06-13', 2, NULL, 999.0, NULL, 0, 0, '2018-06-10 06:57:13', '2018-06-10 06:57:13'),
(10000008, '2432', '2018-06-06', '2018-06-13', 2, NULL, 999.0, NULL, 0, 1, '2018-06-10 06:58:37', '2018-06-10 06:58:37'),
(10000009, '234234', '2018-06-07', '2018-06-14', 2, NULL, 999.0, NULL, 0, 2, '2018-06-10 06:59:01', '2018-06-10 06:59:01'),
(10000010, '啊啊啊', '2018-06-06', '2018-06-20', 2, '121212', 0.6, '2018-06-10 08:45:31', 0, 17, '2018-06-10 08:12:38', '2018-06-10 08:45:31'),
(10000011, '试试逾期的', '2018-06-01', '2018-06-08', 2, '反反复复反反复复反反复复反反复复反反复复发', 0.2, '2018-06-10 08:46:47', 0, 17, '2018-06-10 08:46:31', '2018-06-11 09:23:37'),
(10000012, '关键结果', '2018-06-14', '2018-06-21', 2, NULL, 999.0, NULL, 0, 18, '2018-06-10 15:41:07', '2018-06-10 15:41:07'),
(10000013, '112121', '2018-06-06', '2018-06-13', 2, '21212', 999.0, NULL, 0, 18, '2018-06-13 03:50:52', '2018-06-13 03:50:52'),
(10000014, '20180614新增关键结果', '2018-06-08', '2018-06-14', 0, NULL, 999.0, NULL, 0, 18, '2018-06-14 03:26:58', '2018-06-14 03:26:58'),
(10000015, '三番四复的是', '2018-06-21', '2018-06-22', 0, NULL, 999.0, NULL, 0, 20, '2018-06-14 03:28:26', '2018-06-14 03:28:26'),
(10000016, '三番四复的是', '2018-06-14', '2018-06-22', 0, NULL, 999.0, NULL, 0, 20, '2018-06-14 03:28:36', '2018-06-16 05:33:09'),
(10000017, '三番四复的是', '2018-06-21', '2018-06-22', 2, NULL, 999.0, NULL, 0, 20, '2018-06-14 03:31:14', '2018-06-14 03:31:14'),
(10000018, 'reer', '2018-06-20', '2018-06-21', 2, NULL, 999.0, NULL, 1, 20, '2018-06-16 06:04:39', '2018-06-16 06:14:24'),
(10000019, '23423423', '2018-06-01', '2018-06-08', 2, 'asdfsdfs', 999.0, NULL, 0, 17, '2018-06-18 08:43:52', '2018-06-18 08:43:52'),
(10000020, 'dsfsdfsd', '2018-06-25', '2018-06-27', 2, 'dfsdf', 999.0, NULL, 0, 17, '2018-06-18 08:44:26', '2018-06-18 08:44:26'),
(10000021, '2222222222', '2018-06-01', '2018-07-31', 2, NULL, 0.7, NULL, 0, 22, '2018-06-18 08:47:07', '2018-06-18 08:47:07'),
(10000022, 'sdfasfdasf', '2018-07-23', '2018-07-31', 2, NULL, 999.0, NULL, 1, 22, '2018-06-18 08:50:39', '2018-06-18 08:50:46'),
(10000023, '23423432', '2018-06-22', '2018-06-23', 2, NULL, 999.0, NULL, 0, 24, '2018-06-19 05:02:17', '2018-06-19 05:02:17'),
(10000024, '阿斯发生发是否', '2018-06-23', '2018-06-30', 5, NULL, 999.0, NULL, 0, 33, '2018-06-21 15:36:30', '2018-06-21 15:36:30'),
(10000025, '的发生的方式发的是', '2018-06-08', '2018-06-29', 2, NULL, 0.8, '2018-06-22 16:02:59', 0, 34, '2018-06-21 15:39:50', '2018-06-22 16:02:59'),
(10000026, '阿斯发达是地方', '2018-06-17', '2018-06-30', 5, NULL, 999.0, NULL, 0, 32, '2018-06-22 09:06:49', '2018-06-22 09:06:49'),
(10000027, '345345345', '2018-06-01', '2018-06-22', 2, NULL, 0.7, '2018-06-23 06:58:32', 0, 29, '2018-06-23 06:42:13', '2018-06-23 06:58:32'),
(10000028, '是大法师大法', '2018-06-01', '2018-06-30', 2, NULL, 0.9, '2018-06-23 06:59:13', 0, 29, '2018-06-23 06:42:42', '2018-06-23 06:59:13'),
(10000029, 'asdd', '2018-06-12', '2018-06-20', 2, NULL, 999.0, NULL, 0, 2, '2018-06-24 06:28:05', '2018-06-24 06:28:05'),
(10000030, 'asdasd', '2018-06-12', '2018-06-30', 2, NULL, 999.0, NULL, 0, 2, '2018-06-24 06:28:26', '2018-06-24 06:28:26'),
(10000031, 'asdfs', '2018-06-01', '2018-06-30', 2, NULL, 999.0, NULL, 0, 28, '2018-06-24 06:41:54', '2018-06-24 06:41:54');

-- --------------------------------------------------------

--
-- 表的结构 `migrations`
--

CREATE TABLE `migrations` (
  `id` int(10) UNSIGNED NOT NULL,
  `migration` varchar(255) COLLATE utf8mb4_unicode_ci NOT NULL,
  `batch` int(11) NOT NULL
) ENGINE=InnoDB DEFAULT CHARSET=utf8mb4 COLLATE=utf8mb4_unicode_ci;

--
-- 转存表中的数据 `migrations`
--

INSERT INTO `migrations` (`id`, `migration`, `batch`) VALUES
(1, '2014_10_12_000000_create_users_table', 1),
(2, '2014_10_12_100000_create_password_resets_table', 1),
(3, '2018_05_29_074049_create_department_table', 1),
(4, '2018_06_02_064514_create_user_table', 2),
(5, '2018_06_05_045414_create_admin_table', 3),
(11, '2018_06_06_154443_create_keyresult_table', 4),
(13, '2018_06_06_154443_create_plan_table', 4),
(14, '2018_06_06_154443_create_partake_table', 5),
(15, '2018_06_19_160930_create_comment_table', 6),
(16, '2018_06_06_154443_create_objective_table', 7);

-- --------------------------------------------------------

--
-- 表的结构 `objective`
--

CREATE TABLE `objective` (
  `id` int(10) UNSIGNED NOT NULL,
  `name` varchar(255) COLLATE utf8mb4_unicode_ci NOT NULL COMMENT '名称',
  `startdate` date NOT NULL COMMENT '开始时间',
  `enddate` date NOT NULL COMMENT '结束时间',
  `organiser_id` int(11) NOT NULL DEFAULT '0' COMMENT '发起人',
  `executor_id` int(11) NOT NULL DEFAULT '0' COMMENT '执行人',
  `description` text COLLATE utf8mb4_unicode_ci COMMENT '描述',
  `score` double(8,1) NOT NULL DEFAULT '999.0' COMMENT '得分',
  `scoretime` datetime DEFAULT NULL COMMENT '评分时间',
  `status` tinyint(4) NOT NULL DEFAULT '0' COMMENT '状态，正常 0、删除 1 ',
  `created_at` timestamp NULL DEFAULT NULL,
  `updated_at` timestamp NULL DEFAULT NULL
) ENGINE=InnoDB DEFAULT CHARSET=utf8mb4 COLLATE=utf8mb4_unicode_ci;

--
-- 转存表中的数据 `objective`
--

INSERT INTO `objective` (`id`, `name`, `startdate`, `enddate`, `organiser_id`, `executor_id`, `description`, `score`, `scoretime`, `status`, `created_at`, `updated_at`) VALUES
(1, '目标1', '2018-06-22', '2018-07-25', 2, 2, '汪汪汪汪', 0.9, '2018-06-09 04:18:49', 0, '2018-06-07 11:39:41', '2018-06-09 04:18:49'),
(2, '目标2', '2018-06-12', '2018-07-25', 2, 2, '汪汪汪汪', 999.0, NULL, 0, '2018-06-07 11:40:38', '2018-06-07 11:40:38'),
(3, '目标3', '2018-06-12', '2018-07-25', 2, 2, '汪汪汪汪', 999.0, NULL, 0, '2018-06-07 11:43:57', '2018-06-07 11:43:57'),
(4, '123123目标4', '2018-05-30', '2018-06-02', 2, 2, '123123', 999.0, NULL, 0, '2018-06-07 14:11:58', '2018-06-07 14:11:58'),
(5, '目标5', '2018-05-30', '2018-06-02', 2, 2, '123123', 999.0, NULL, 0, '2018-06-07 14:12:10', '2018-06-07 14:12:10'),
(6, '目标6', '2018-05-30', '2018-06-02', 2, 2, '123123', 999.0, NULL, 0, '2018-06-07 14:12:54', '2018-06-07 14:12:54'),
(7, '目标17', '2018-05-30', '2018-06-02', 2, 2, '123123', 999.0, NULL, 0, '2018-06-07 14:34:57', '2018-06-07 14:34:57'),
(8, '123123目标8', '2018-05-30', '2018-06-02', 2, 2, '123123', 999.0, NULL, 0, '2018-06-07 14:37:19', '2018-06-07 14:37:19'),
(9, '目标9', '2018-05-30', '2018-06-02', 2, 2, '123123', 999.0, NULL, 0, '2018-06-07 14:39:59', '2018-06-07 14:39:59'),
(10, '20180609第一个目标', '2018-06-06', '2018-06-07', 2, 2, '20180609第一个目标20180609第一个目标20180609第一个目标20180609第一个目标10个亿', 999.0, NULL, 0, '2018-06-09 14:55:24', '2018-06-09 16:15:45'),
(11, '撒旦发生', '2018-06-13', '2018-06-15', 2, 2, '打分得分', 999.0, NULL, 0, '2018-06-09 15:44:29', '2018-06-09 15:44:29'),
(12, '全额请问恶', '2018-06-12', '2018-06-14', 2, 2, '趣味额去', 999.0, NULL, 0, '2018-06-09 15:53:24', '2018-06-09 15:53:24'),
(13, '法师地方上的', '2018-06-12', '2018-06-23', 2, 2, '发地方', 999.0, NULL, 0, '2018-06-09 15:53:49', '2018-06-09 15:53:49'),
(14, '法师地方上的', '2018-06-12', '2018-06-23', 2, 2, '发地方', 999.0, NULL, 0, '2018-06-09 15:54:15', '2018-06-09 15:54:15'),
(15, '3543534', '2018-06-18', '2018-06-21', 2, 2, '34534543', 999.0, NULL, 1, '2018-06-10 02:35:29', '2018-06-16 05:18:38'),
(16, '111', '2018-06-06', '2018-06-13', 2, 2, NULL, 999.0, NULL, 0, '2018-06-10 07:58:03', '2018-06-10 07:58:03'),
(17, '啊啊啊', '2018-06-01', '2018-06-30', 2, 2, '5555555555555555', 0.8, '2018-06-10 08:13:09', 0, '2018-06-10 08:00:13', '2018-06-10 08:13:09'),
(18, '今天的第一个目标', '2018-06-01', '2018-06-15', 2, 2, '的顶顶顶顶顶顶顶顶顶顶顶顶顶', 999.0, NULL, 0, '2018-06-10 15:40:03', '2018-06-13 12:25:48'),
(19, '20180612第一个目标', '2018-06-25', '2018-06-30', 2, 2, NULL, 999.0, NULL, 1, '2018-06-12 04:59:41', '2018-06-14 07:44:43'),
(20, '20180613目标', '2018-06-03', '2018-06-23', 2, 2, NULL, 999.0, NULL, 0, '2018-06-13 02:43:24', '2018-06-13 02:43:24'),
(21, '2532432', '2018-06-20', '2018-06-27', 2, 2, NULL, 999.0, NULL, 1, '2018-06-14 07:46:25', '2018-06-14 07:46:54'),
(22, '111111111', '2018-06-17', '2018-06-21', 2, 2, NULL, 0.9, '2018-06-19 07:21:51', 0, '2018-06-18 08:46:41', '2018-06-19 07:21:51'),
(23, '20180619第一个目标', '2018-06-01', '2018-07-31', 2, 2, NULL, 0.9, '2018-06-19 04:47:27', 0, '2018-06-19 04:37:53', '2018-06-19 04:47:27'),
(24, '23432432', '2018-06-22', '2018-06-29', 2, 2, NULL, 999.0, NULL, 0, '2018-06-19 04:50:27', '2018-06-19 04:50:27'),
(25, '斯蒂芬斯蒂芬斯d', '2018-06-20', '2018-06-27', 2, 2, NULL, 999.0, NULL, 0, '2018-06-19 07:42:48', '2018-06-19 07:42:48'),
(26, '是的发是否都是', '2018-06-16', '2018-06-23', 5, 5, NULL, 999.0, NULL, 0, '2018-06-19 07:43:42', '2018-06-19 07:43:42'),
(27, '111', '2018-06-01', '2018-06-30', 2, 2, NULL, 999.0, NULL, 0, '2018-06-20 02:35:37', '2018-06-20 02:35:37'),
(28, '111', '2018-06-01', '2018-06-30', 2, 2, '111111', 999.0, NULL, 0, '2018-06-20 02:42:31', '2018-06-20 02:42:31'),
(29, '111', '2018-06-01', '2018-06-30', 2, 2, '111111', 1.0, '2018-06-23 06:59:21', 0, '2018-06-20 02:42:31', '2018-06-23 06:59:21'),
(30, '11111111', '2018-06-01', '2018-07-31', 2, 2, NULL, 0.7, '2018-06-22 16:03:55', 0, '2018-06-20 09:51:18', '2018-06-22 16:03:55'),
(31, '啊啊啊啊', '2018-06-01', '2018-07-31', 2, 5, NULL, 999.0, NULL, 0, '2018-06-21 15:25:11', '2018-06-21 15:25:11'),
(32, '贝贝宝宝不', '2018-06-01', '2018-07-31', 2, 5, NULL, 999.0, NULL, 0, '2018-06-21 15:26:26', '2018-06-21 15:26:26'),
(33, '他太太太太', '2018-06-07', '2018-07-07', 5, 5, 'aaa', 999.0, NULL, 0, '2018-06-21 15:35:33', '2018-06-26 17:54:13'),
(34, '打分得分地方', '2018-06-01', '2018-06-30', 5, 2, NULL, 0.8, '2018-06-22 16:03:09', 0, '2018-06-21 15:38:12', '2018-06-22 16:03:09'),
(35, 'vvvvvv', '2018-06-28', '2018-06-30', 5, 5, 'aaaaaaaaaa', 999.0, NULL, 0, '2018-06-23 06:55:02', '2018-06-26 17:58:04');

-- --------------------------------------------------------

--
-- 表的结构 `partake`
--

CREATE TABLE `partake` (
  `id` int(10) UNSIGNED NOT NULL,
  `okr_id` int(11) NOT NULL COMMENT 'okr_id',
  `user_id` int(11) NOT NULL COMMENT 'user_id',
  `created_at` timestamp NULL DEFAULT NULL,
  `updated_at` timestamp NULL DEFAULT NULL
) ENGINE=InnoDB DEFAULT CHARSET=utf8mb4 COLLATE=utf8mb4_unicode_ci;

--
-- 转存表中的数据 `partake`
--

INSERT INTO `partake` (`id`, `okr_id`, `user_id`, `created_at`, `updated_at`) VALUES
(3, 9, 6, '2018-06-07 14:39:59', NULL),
(4, 9, 5, '2018-06-07 14:39:59', NULL),
(5, 10, 6, '2018-06-09 14:55:24', NULL),
(6, 10, 5, '2018-06-09 14:55:24', NULL),
(7, 10, 4, '2018-06-09 14:55:24', NULL),
(8, 11, 2, '2018-06-09 15:44:29', NULL),
(9, 11, 6, '2018-06-09 15:44:29', NULL),
(10, 12, 2, '2018-06-09 15:53:24', NULL),
(11, 13, 2, '2018-06-09 15:53:49', NULL),
(12, 14, 2, '2018-06-09 15:54:15', NULL),
(13, 14, 7, '2018-06-09 15:54:15', NULL),
(14, 14, 8, '2018-06-09 15:54:15', NULL),
(16, 10000003, 2, '2018-06-10 02:56:43', NULL),
(17, 10000004, 8, '2018-06-10 03:02:15', NULL),
(18, 10000005, 2, '2018-06-10 03:21:03', NULL),
(19, 10000006, 2, '2018-06-10 06:55:33', NULL),
(20, 10000006, 1, '2018-06-10 06:55:33', NULL),
(21, 10000007, 2, '2018-06-10 06:57:13', NULL),
(22, 10000007, 8, '2018-06-10 06:57:13', NULL),
(23, 10000008, 2, '2018-06-10 06:58:37', NULL),
(24, 10000008, 7, '2018-06-10 06:58:37', NULL),
(25, 10000009, 2, '2018-06-10 06:59:01', NULL),
(26, 10000009, 1, '2018-06-10 06:59:01', NULL),
(36, 17, 2, '2018-06-10 08:10:20', NULL),
(37, 17, 3, '2018-06-10 08:10:20', NULL),
(38, 17, 7, '2018-06-10 08:10:20', NULL),
(39, 17, 8, '2018-06-10 08:10:20', NULL),
(43, 10000010, 3, '2018-06-10 08:44:39', NULL),
(44, 10000010, 4, '2018-06-10 08:44:39', NULL),
(53, 10000012, 6, '2018-06-10 15:41:38', NULL),
(54, 10000012, 5, '2018-06-10 15:41:38', NULL),
(55, 10000011, 3, '2018-06-11 09:23:37', NULL),
(56, 10000011, 4, '2018-06-11 09:23:37', NULL),
(57, 100000004, 6, '2018-06-11 09:44:17', NULL),
(58, 100000004, 5, '2018-06-11 09:44:17', NULL),
(59, 100000004, 6, '2018-06-11 14:44:25', NULL),
(60, 100000004, 5, '2018-06-11 14:44:25', NULL),
(61, 100000004, 11, '2018-06-11 14:44:25', NULL),
(64, 19, 3, '2018-06-13 02:41:19', NULL),
(65, 19, 4, '2018-06-13 02:41:19', NULL),
(68, 10000013, 7, '2018-06-13 03:50:52', NULL),
(69, 10000013, 1, '2018-06-13 03:50:52', NULL),
(70, 100000004, 6, '2018-06-13 04:22:47', NULL),
(71, 100000004, 5, '2018-06-13 04:22:47', NULL),
(72, 100000004, 11, '2018-06-13 04:22:47', NULL),
(75, 18, 6, '2018-06-13 12:25:48', NULL),
(76, 18, 5, '2018-06-13 12:25:48', NULL),
(77, 10000014, 3, '2018-06-14 03:26:58', NULL),
(78, 10000014, 4, '2018-06-14 03:26:58', NULL),
(79, 10000015, 6, '2018-06-14 03:28:26', NULL),
(80, 10000015, 5, '2018-06-14 03:28:26', NULL),
(83, 10000017, 6, '2018-06-14 03:31:14', NULL),
(84, 10000017, 5, '2018-06-14 03:31:14', NULL),
(86, 21, 11, '2018-06-14 07:46:44', NULL),
(87, 15, 8, '2018-06-16 05:18:32', NULL),
(88, 100000005, 3, '2018-06-16 05:19:18', NULL),
(89, 100000005, 4, '2018-06-16 05:19:18', NULL),
(90, 10000016, 6, '2018-06-16 05:33:09', NULL),
(91, 10000016, 5, '2018-06-16 05:33:09', NULL),
(92, 100000006, 3, '2018-06-16 05:33:42', NULL),
(93, 100000006, 3, '2018-06-16 05:43:59', NULL),
(94, 100000007, 3, '2018-06-16 05:46:48', NULL),
(95, 100000007, 3, '2018-06-16 05:47:05', NULL),
(97, 10000018, 2, '2018-06-16 06:05:27', NULL),
(98, 20, 3, '2018-06-18 08:39:56', NULL),
(99, 20, 4, '2018-06-18 08:39:56', NULL),
(100, 10000019, 3, '2018-06-18 08:43:52', NULL),
(101, 10000019, 4, '2018-06-18 08:43:52', NULL),
(102, 10000020, 2, '2018-06-18 08:44:26', NULL),
(103, 10000020, 3, '2018-06-18 08:44:26', NULL),
(106, 10000021, 6, '2018-06-18 08:47:07', NULL),
(107, 10000021, 5, '2018-06-18 08:47:07', NULL),
(108, 100000008, 3, '2018-06-18 08:47:29', NULL),
(109, 100000008, 6, '2018-06-18 08:47:29', NULL),
(110, 100000009, 6, '2018-06-18 08:48:03', NULL),
(111, 100000009, 5, '2018-06-18 08:48:03', NULL),
(112, 100000010, 6, '2018-06-18 08:49:18', NULL),
(113, 100000010, 5, '2018-06-18 08:49:18', NULL),
(114, 10000022, 2, '2018-06-18 08:50:39', NULL),
(115, 10000022, 3, '2018-06-18 08:50:39', NULL),
(116, 23, 6, '2018-06-19 04:37:53', NULL),
(117, 23, 5, '2018-06-19 04:37:53', NULL),
(120, 24, 3, '2018-06-19 04:57:08', NULL),
(121, 24, 6, '2018-06-19 04:57:08', NULL),
(122, 24, 5, '2018-06-19 04:57:08', NULL),
(123, 10000023, 4, '2018-06-19 05:02:17', NULL),
(124, 10000023, 11, '2018-06-19 05:02:17', NULL),
(127, 22, 3, '2018-06-19 07:21:30', NULL),
(128, 22, 4, '2018-06-19 07:21:30', NULL),
(129, 25, 2, '2018-06-19 07:42:48', NULL),
(130, 25, 3, '2018-06-19 07:42:48', NULL),
(131, 26, 6, '2018-06-19 07:43:42', NULL),
(132, 26, 5, '2018-06-19 07:43:42', NULL),
(133, 27, 3, '2018-06-20 02:35:37', NULL),
(134, 28, 4, '2018-06-20 02:42:31', NULL),
(135, 30, 5, '2018-06-20 09:51:18', NULL),
(136, 31, 6, '2018-06-21 15:25:11', NULL),
(137, 31, 5, '2018-06-21 15:25:11', NULL),
(138, 32, 2, '2018-06-21 15:26:26', NULL),
(139, 32, 3, '2018-06-21 15:26:26', NULL),
(140, 32, 5, '2018-06-21 15:26:26', NULL),
(144, 10000024, 3, '2018-06-21 15:36:30', NULL),
(145, 10000024, 5, '2018-06-21 15:36:30', NULL),
(146, 10000024, 4, '2018-06-21 15:36:30', NULL),
(147, 100000011, 3, '2018-06-21 15:36:55', NULL),
(148, 100000011, 5, '2018-06-21 15:36:55', NULL),
(149, 100000011, 4, '2018-06-21 15:36:55', NULL),
(150, 34, 6, '2018-06-21 15:38:12', NULL),
(151, 34, 5, '2018-06-21 15:38:12', NULL),
(152, 10000025, 6, '2018-06-21 15:39:50', NULL),
(153, 10000025, 5, '2018-06-21 15:39:50', NULL),
(154, 100000012, 3, '2018-06-21 15:40:11', NULL),
(155, 100000012, 4, '2018-06-21 15:40:11', NULL),
(156, 10000026, 2, '2018-06-22 09:06:49', NULL),
(157, 10000026, 3, '2018-06-22 09:06:49', NULL),
(158, 100000013, 2, '2018-06-22 09:07:27', NULL),
(159, 100000013, 3, '2018-06-22 09:07:27', NULL),
(164, 29, 3, '2018-06-23 06:37:46', NULL),
(165, 10000027, 3, '2018-06-23 06:42:13', NULL),
(166, 10000027, 6, '2018-06-23 06:42:13', NULL),
(167, 10000028, 6, '2018-06-23 06:42:42', NULL),
(168, 10000028, 5, '2018-06-23 06:42:42', NULL),
(169, 100000014, 6, '2018-06-23 06:43:46', NULL),
(170, 100000014, 5, '2018-06-23 06:43:46', NULL),
(175, 10000029, 2, '2018-06-24 06:28:05', NULL),
(176, 10000029, 5, '2018-06-24 06:28:05', NULL),
(177, 10000030, 6, '2018-06-24 06:28:26', NULL),
(178, 10000030, 5, '2018-06-24 06:28:26', NULL),
(179, 10000031, 6, '2018-06-24 06:41:54', NULL),
(180, 10000031, 5, '2018-06-24 06:41:54', NULL),
(211, 33, 2, '2018-06-26 17:54:13', NULL),
(212, 33, 6, '2018-06-26 17:54:13', NULL),
(213, 33, 5, '2018-06-26 17:54:13', NULL),
(214, 35, 6, '2018-06-26 17:58:04', NULL),
(215, 35, 5, '2018-06-26 17:58:04', NULL);

-- --------------------------------------------------------

--
-- 表的结构 `password_resets`
--

CREATE TABLE `password_resets` (
  `email` varchar(255) COLLATE utf8mb4_unicode_ci NOT NULL,
  `token` varchar(255) COLLATE utf8mb4_unicode_ci NOT NULL,
  `created_at` timestamp NULL DEFAULT NULL
) ENGINE=InnoDB DEFAULT CHARSET=utf8mb4 COLLATE=utf8mb4_unicode_ci;

-- --------------------------------------------------------

--
-- 表的结构 `plan`
--

CREATE TABLE `plan` (
  `id` int(10) UNSIGNED NOT NULL,
  `name` varchar(255) COLLATE utf8mb4_unicode_ci NOT NULL COMMENT '名称',
  `startdate` date NOT NULL COMMENT '开始时间',
  `enddate` date NOT NULL COMMENT '结束时间',
  `executor_id` int(11) NOT NULL DEFAULT '0' COMMENT '执行人',
  `description` text COLLATE utf8mb4_unicode_ci COMMENT '描述',
  `score` double(8,1) NOT NULL DEFAULT '999.0' COMMENT '得分',
  `scoretime` datetime DEFAULT NULL COMMENT '评分时间',
  `status` tinyint(4) NOT NULL DEFAULT '0' COMMENT '状态，正常 0、删除 1 ',
  `pid` int(11) NOT NULL DEFAULT '0' COMMENT '上级id',
  `created_at` timestamp NULL DEFAULT NULL,
  `updated_at` timestamp NULL DEFAULT NULL
) ENGINE=InnoDB DEFAULT CHARSET=utf8mb4 COLLATE=utf8mb4_unicode_ci;

--
-- 转存表中的数据 `plan`
--

INSERT INTO `plan` (`id`, `name`, `startdate`, `enddate`, `executor_id`, `description`, `score`, `scoretime`, `status`, `pid`, `created_at`, `updated_at`) VALUES
(100000000, 'o1-kr1-p1：阿斯大法是否了空间', '2018-06-05', '2018-06-06', 2, '得分   的萨芬得分打分得分的', 999.0, NULL, 0, 10000000, NULL, NULL),
(100000001, 'o1-kr1-p2：各国国歌各国国歌各国', '2018-06-06', '2018-06-07', 2, '各国国歌各国国歌各国', 999.0, NULL, 0, 10000000, NULL, NULL),
(100000002, 'o1-kr2-p1:的方法凤飞飞', '2018-06-07', '2018-06-08', 2, '哈哈哈哈哈哈哈哈', 999.0, NULL, 0, 10000001, NULL, NULL),
(100000003, 'o1-kr2-p1:的方法凤飞飞', '2018-06-14', '2018-06-15', 2, '反反复复方法', 999.0, NULL, 0, 10000001, NULL, NULL),
(100000004, 'A计划', '2018-06-06', '2018-06-07', 2, '突突突突突突', 0.7, '2018-06-11 09:45:33', 0, 10000011, '2018-06-11 09:44:17', '2018-06-13 04:22:47'),
(100000005, '13123123', '2018-06-21', '2018-06-22', 2, NULL, 999.0, NULL, 0, 10000017, '2018-06-16 05:19:18', '2018-06-16 05:19:18'),
(100000006, '阿达的', '2018-06-21', '2018-06-22', 2, NULL, 999.0, NULL, 1, 10000016, '2018-06-16 05:33:42', '2018-06-16 05:46:17'),
(100000007, '345324', '2018-06-21', '2018-06-22', 2, NULL, 999.0, NULL, 1, 10000016, '2018-06-16 05:46:48', '2018-06-16 05:47:21'),
(100000008, '333333333333', '2018-06-01', '2018-07-31', 2, NULL, 999.0, NULL, 0, 10000021, '2018-06-18 08:47:29', '2018-06-18 08:47:29'),
(100000009, '4444444444', '2018-07-22', '2018-07-31', 2, NULL, 999.0, NULL, 1, 10000021, '2018-06-18 08:48:03', '2018-06-18 08:48:16'),
(100000010, '4444444', '2018-07-22', '2018-07-31', 2, NULL, 999.0, NULL, 1, 10000021, '2018-06-18 08:49:18', '2018-06-18 08:50:16'),
(100000011, '是大法师大法是', '2018-06-23', '2018-06-29', 5, NULL, 999.0, NULL, 0, 10000024, '2018-06-21 15:36:55', '2018-06-21 15:36:55'),
(100000012, '是地方是法师地方', '2018-06-22', '2018-06-29', 2, NULL, 0.7, '2018-06-22 16:02:41', 0, 10000025, '2018-06-21 15:40:11', '2018-06-22 16:02:41'),
(100000013, '阿斯发撒旦发生的', '2018-06-17', '2018-06-30', 5, NULL, 0.7, '2018-06-22 09:11:05', 0, 10000026, '2018-06-22 09:07:27', '2018-06-22 09:11:05'),
(100000014, '是大法师大法是否', '2018-06-01', '2018-06-29', 2, NULL, 0.8, '2018-06-23 06:58:58', 0, 10000028, '2018-06-23 06:43:46', '2018-06-23 06:58:58');

-- --------------------------------------------------------

--
-- 表的结构 `user`
--

CREATE TABLE `user` (
  `id` int(10) UNSIGNED NOT NULL,
  `name` varchar(255) COLLATE utf8mb4_unicode_ci NOT NULL COMMENT '名称',
  `phone` varchar(255) COLLATE utf8mb4_unicode_ci NOT NULL COMMENT '电话',
  `email` varchar(255) COLLATE utf8mb4_unicode_ci NOT NULL COMMENT '邮箱',
  `pwd` varchar(255) COLLATE utf8mb4_unicode_ci NOT NULL COMMENT '密码',
  `position_id` int(11) NOT NULL DEFAULT '0' COMMENT '岗位id',
  `department_id` int(11) NOT NULL DEFAULT '0' COMMENT '部门id',
  `status` tinyint(4) NOT NULL DEFAULT '0' COMMENT '状态，启用 0、停用 1 删除 2',
  `pid` int(11) NOT NULL DEFAULT '0' COMMENT '上级id',
  `isleader` tinyint(4) NOT NULL DEFAULT '0' COMMENT '是否是部门领导，不是 0、是 1',
  `created_at` timestamp NULL DEFAULT NULL,
  `updated_at` timestamp NULL DEFAULT NULL
) ENGINE=InnoDB DEFAULT CHARSET=utf8mb4 COLLATE=utf8mb4_unicode_ci;

--
-- 转存表中的数据 `user`
--

INSERT INTO `user` (`id`, `name`, `phone`, `email`, `pwd`, `position_id`, `department_id`, `status`, `pid`, `isleader`, `created_at`, `updated_at`) VALUES
(1, 'cxg1', '22', '33@1.aa', 'b6d767d2f8ed5d21a44b0e5886680cb9', 6, 32, 1, 0, 0, '2018-06-02 08:07:44', '2018-06-04 04:55:45'),
(2, '田峰', '13000000000', '1@1.com', '2e65029dcb7a861b3f7d1098da6004be', 1, 8, 0, 0, 1, '2018-06-02 08:26:13', '2018-06-19 02:45:47'),
(3, '张三', '13000000001', '11@1.com', 'bfdc153c0a635d3d49c082afeb4e0bba', 2, 9, 0, 0, 1, '2018-06-02 08:27:03', '2018-06-04 07:13:39'),
(4, '李四', '13000000002', '2@2.com', '98dc3c1ac1dd1bfe9b9e2bea4cb7c4ac', 3, 13, 0, 2, 1, '2018-06-02 08:27:51', '2018-06-05 03:02:31'),
(5, '王麻子', '13000000003', '111@11.com', '76ccd2a0daac299bad5d01337cbfd3b8', 5, 12, 0, 2, 0, '2018-06-02 15:14:04', '2018-06-02 15:14:04'),
(6, '张小泉', '13000000004', '111@111.com', 'f8c5c76b3c165f95c9336b645a8d2773', 7, 12, 0, 5, 1, '2018-06-02 15:15:38', '2018-06-02 15:15:38'),
(7, '阿斯大法', '13000000005', '11@1111.com', 'c96ff64c2a79b63c957fd6971cee4e74', 1, 29, 0, 3, 1, '2018-06-03 13:13:15', '2018-06-03 13:13:15'),
(8, '阿土仔', '13000000006', '12@1122.com', 'e5986aa389eb8e95e2ba94defa6a0a1e', 6, 33, 0, 3, 1, '2018-06-04 05:06:07', '2018-06-04 16:32:10'),
(9, '广告歌', '13000000007', '12@11.com', '28e715b26bf73ac46a61f166306f89c2', 5, 40, 0, 4, 1, '2018-06-11 04:39:35', '2018-06-11 04:39:35'),
(10, '问问', '13000000008', '44@11.com', '7e0408cf42b1bad8db0adc4a1bafe72a', 3, 41, 0, 4, 1, '2018-06-11 04:40:31', '2018-06-11 07:43:29'),
(11, '嘀咕嘀咕', '13000000009', '33@33.com', 'ebf436d2645b1957c101640214313f1b', 1, 14, 0, 5, 1, '2018-06-11 07:54:58', '2018-06-11 07:56:08'),
(12, '34534', '13000000010', 'dfgd@11.com', '8c62eed9c6e6d9d382b098ce9285c237', 1, 13, 0, 2, 0, '2018-06-22 07:24:53', '2018-06-22 07:24:53');

-- --------------------------------------------------------

--
-- 表的结构 `users`
--

CREATE TABLE `users` (
  `id` int(10) UNSIGNED NOT NULL,
  `name` varchar(255) COLLATE utf8mb4_unicode_ci NOT NULL,
  `email` varchar(255) COLLATE utf8mb4_unicode_ci NOT NULL,
  `password` varchar(255) COLLATE utf8mb4_unicode_ci NOT NULL,
  `remember_token` varchar(100) COLLATE utf8mb4_unicode_ci DEFAULT NULL,
  `created_at` timestamp NULL DEFAULT NULL,
  `updated_at` timestamp NULL DEFAULT NULL
) ENGINE=InnoDB DEFAULT CHARSET=utf8mb4 COLLATE=utf8mb4_unicode_ci;

--
-- Indexes for dumped tables
--

--
-- Indexes for table `admin`
--
ALTER TABLE `admin`
  ADD PRIMARY KEY (`id`);

--
-- Indexes for table `comment`
--
ALTER TABLE `comment`
  ADD PRIMARY KEY (`id`),
  ADD KEY `comment_okr_id_index` (`okr_id`),
  ADD KEY `comment_user_id_index` (`user_id`);

--
-- Indexes for table `department`
--
ALTER TABLE `department`
  ADD PRIMARY KEY (`id`),
  ADD KEY `department_pid_index` (`pid`),
  ADD KEY `department_status_index` (`status`);

--
-- Indexes for table `keyresult`
--
ALTER TABLE `keyresult`
  ADD PRIMARY KEY (`id`),
  ADD KEY `keyresult_pid_index` (`pid`),
  ADD KEY `keyresult_status_index` (`status`);

--
-- Indexes for table `migrations`
--
ALTER TABLE `migrations`
  ADD PRIMARY KEY (`id`);

--
-- Indexes for table `objective`
--
ALTER TABLE `objective`
  ADD PRIMARY KEY (`id`),
  ADD KEY `objective_organiser_id_index` (`organiser_id`),
  ADD KEY `objective_executor_id_index` (`executor_id`),
  ADD KEY `objective_status_index` (`status`);

--
-- Indexes for table `partake`
--
ALTER TABLE `partake`
  ADD PRIMARY KEY (`id`),
  ADD KEY `partake_okr_id_index` (`okr_id`),
  ADD KEY `partake_user_id_index` (`user_id`);

--
-- Indexes for table `password_resets`
--
ALTER TABLE `password_resets`
  ADD KEY `password_resets_email_index` (`email`);

--
-- Indexes for table `plan`
--
ALTER TABLE `plan`
  ADD PRIMARY KEY (`id`),
  ADD KEY `plan_pid_index` (`pid`),
  ADD KEY `plan_status_index` (`status`);

--
-- Indexes for table `user`
--
ALTER TABLE `user`
  ADD PRIMARY KEY (`id`),
  ADD KEY `user_department_id_index` (`department_id`),
  ADD KEY `user_status_index` (`status`);

--
-- Indexes for table `users`
--
ALTER TABLE `users`
  ADD PRIMARY KEY (`id`),
  ADD UNIQUE KEY `users_email_unique` (`email`);

--
-- 在导出的表使用AUTO_INCREMENT
--

--
-- 使用表AUTO_INCREMENT `admin`
--
ALTER TABLE `admin`
  MODIFY `id` int(10) UNSIGNED NOT NULL AUTO_INCREMENT, AUTO_INCREMENT=2;

--
-- 使用表AUTO_INCREMENT `comment`
--
ALTER TABLE `comment`
  MODIFY `id` int(10) UNSIGNED NOT NULL AUTO_INCREMENT, AUTO_INCREMENT=28;

--
-- 使用表AUTO_INCREMENT `department`
--
ALTER TABLE `department`
  MODIFY `id` int(10) UNSIGNED NOT NULL AUTO_INCREMENT, AUTO_INCREMENT=44;

--
-- 使用表AUTO_INCREMENT `keyresult`
--
ALTER TABLE `keyresult`
  MODIFY `id` int(10) UNSIGNED NOT NULL AUTO_INCREMENT, AUTO_INCREMENT=10000032;

--
-- 使用表AUTO_INCREMENT `migrations`
--
ALTER TABLE `migrations`
  MODIFY `id` int(10) UNSIGNED NOT NULL AUTO_INCREMENT, AUTO_INCREMENT=17;

--
-- 使用表AUTO_INCREMENT `objective`
--
ALTER TABLE `objective`
  MODIFY `id` int(10) UNSIGNED NOT NULL AUTO_INCREMENT, AUTO_INCREMENT=36;

--
-- 使用表AUTO_INCREMENT `partake`
--
ALTER TABLE `partake`
  MODIFY `id` int(10) UNSIGNED NOT NULL AUTO_INCREMENT, AUTO_INCREMENT=216;

--
-- 使用表AUTO_INCREMENT `plan`
--
ALTER TABLE `plan`
  MODIFY `id` int(10) UNSIGNED NOT NULL AUTO_INCREMENT, AUTO_INCREMENT=100000015;

--
-- 使用表AUTO_INCREMENT `user`
--
ALTER TABLE `user`
  MODIFY `id` int(10) UNSIGNED NOT NULL AUTO_INCREMENT, AUTO_INCREMENT=13;

--
-- 使用表AUTO_INCREMENT `users`
--
ALTER TABLE `users`
  MODIFY `id` int(10) UNSIGNED NOT NULL AUTO_INCREMENT;
COMMIT;

/*!40101 SET CHARACTER_SET_CLIENT=@OLD_CHARACTER_SET_CLIENT */;
/*!40101 SET CHARACTER_SET_RESULTS=@OLD_CHARACTER_SET_RESULTS */;
/*!40101 SET COLLATION_CONNECTION=@OLD_COLLATION_CONNECTION */;
